INSERT INTO mantis_bugnote_table (`id`, `bug_id`, `reporter_id`, `bugnote_text_id`, `view_state`, `note_type`, `note_attr`, `time_tracking`, `last_modified`, `date_submitted`) VALUES
	(8, 18, 1, 8, 10, 0, '', 0, 1576851068, 1576851068),
	(9, 18, 1, 9, 10, 0, '', 0, 1580597168, 1576851069),
	(10, 18, 1, 10, 10, 0, '', 0, 1580597168, 1576851070),
	(11, 18, 1, 11, 10, 0, '', 0, 1580597168, 1576851070),
	(12, 18, 1, 12, 10, 0, '', 0, 1576855112, 1576855112),
	(13, 18, 1, 13, 10, 0, '', 0, 1580597169, 1576855113),
	(14, 18, 1, 14, 10, 0, '', 0, 1580597169, 1576855113),
	(16, 18, 1, 16, 10, 0, '', 0, 1576855563, 1576855563),
	(17, 18, 1, 17, 10, 0, '', 0, 1580597169, 1576855563),
	(18, 18, 1, 18, 10, 0, '', 0, 1580597169, 1576855564),
	(19, 21, 1, 19, 10, 0, '', 0, 1647386688, 1647386688),
	(20, 18, 1, 20, 10, 0, '', 0, 1576866131, 1576866131),
	(21, 18, 1, 21, 10, 0, '', 0, 1580597169, 1576866131),
	(22, 18, 1, 22, 10, 0, '', 0, 1580597169, 1576866131),
	(24, 18, 1, 24, 10, 0, '', 0, 1576869837, 1576869837),
	(25, 18, 1, 25, 10, 0, '', 0, 1580597169, 1576869838),
	(26, 18, 1, 26, 10, 0, '', 0, 1580597169, 1576869838),
	(28, 18, 1, 28, 10, 0, '', 0, 1576870339, 1576870339),
	(29, 18, 1, 29, 10, 0, '', 0, 1580597169, 1576870339),
	(30, 18, 1, 30, 10, 0, '', 0, 1580597169, 1576870340),
	(32, 18, 1, 32, 10, 0, '', 0, 1576870511, 1576870511),
	(33, 18, 1, 33, 10, 0, '', 0, 1580597169, 1576870511),
	(34, 18, 1, 34, 10, 0, '', 0, 1580597169, 1576870512),
	(64, 18, 1, 64, 10, 0, '', 0, 1579281763, 1579281763),
	(65, 18, 1, 65, 10, 0, '', 0, 1580597170, 1579281763),
	(66, 18, 1, 66, 10, 0, '', 0, 1580597170, 1579281763),
	(68, 18, 1, 68, 10, 0, '', 0, 1579281921, 1579281921),
	(69, 18, 1, 69, 10, 0, '', 0, 1580597170, 1579281921),
	(70, 18, 1, 70, 10, 0, '', 0, 1580597170, 1579281922),
	(72, 18, 1, 72, 10, 0, '', 0, 1579281962, 1579281962),
	(73, 18, 1, 73, 10, 0, '', 0, 1580597170, 1579281963),
	(74, 18, 1, 74, 10, 0, '', 0, 1580597170, 1579281963),
	(76, 18, 1, 76, 10, 0, '', 0, 1579284761, 1579284761),
	(77, 18, 1, 77, 10, 0, '', 0, 1580597170, 1579284761),
	(78, 18, 1, 78, 10, 0, '', 0, 1580597170, 1579284762),
	(80, 18, 1, 80, 10, 0, '', 0, 1579285038, 1579285038),
	(81, 18, 1, 81, 10, 0, '', 0, 1580597170, 1579285039),
	(82, 18, 1, 82, 10, 0, '', 0, 1580597170, 1579285039),
	(84, 18, 1, 84, 10, 0, '', 0, 1579285086, 1579285086),
	(85, 18, 1, 85, 10, 0, '', 0, 1580597170, 1579285086),
	(86, 18, 1, 86, 10, 0, '', 0, 1580597170, 1579285087),
	(88, 18, 1, 88, 10, 0, '', 0, 1579784436, 1579784436),
	(89, 18, 1, 89, 10, 0, '', 0, 1580597170, 1579784436),
	(90, 18, 1, 90, 10, 0, '', 0, 1580597170, 1579784436),
	(92, 18, 1, 92, 10, 0, '', 0, 1579784529, 1579784529),
	(93, 18, 1, 93, 10, 0, '', 0, 1580597170, 1579784530),
	(94, 18, 1, 94, 10, 0, '', 0, 1580597170, 1579784530),
	(96, 18, 1, 96, 10, 0, '', 0, 1579785045, 1579785045),
	(97, 18, 1, 97, 10, 0, '', 0, 1580597170, 1579785046),
	(98, 18, 1, 98, 10, 0, '', 0, 1580597171, 1579785046),
	(100, 18, 1, 100, 10, 0, '', 0, 1579785147, 1579785147),
	(101, 18, 1, 101, 10, 0, '', 0, 1580597171, 1579785148),
	(102, 18, 1, 102, 10, 0, '', 0, 1580597171, 1579785148),
	(104, 18, 1, 104, 10, 0, '', 0, 1579785310, 1579785310),
	(105, 18, 1, 105, 10, 0, '', 0, 1580597171, 1579785310),
	(106, 18, 1, 106, 10, 0, '', 0, 1580597171, 1579785311),
	(108, 18, 1, 108, 10, 0, '', 0, 1579796109, 1579796109),
	(109, 18, 1, 109, 10, 0, '', 0, 1580597171, 1579796110),
	(110, 18, 1, 110, 10, 0, '', 0, 1580597171, 1579796110),
	(112, 18, 1, 112, 10, 0, '', 0, 1580579385, 1580579385),
	(113, 18, 1, 113, 10, 0, '', 0, 1580597171, 1580579386),
	(114, 18, 1, 114, 10, 0, '', 0, 1580597171, 1580579386),
	(116, 18, 1, 116, 10, 0, '', 0, 1580579803, 1580579803),
	(117, 18, 1, 117, 10, 0, '', 0, 1580597171, 1580579803),
	(118, 18, 1, 118, 10, 0, '', 0, 1580597171, 1580579804),
	(120, 18, 1, 120, 10, 0, '', 0, 1580588096, 1580588096),
	(121, 18, 1, 121, 10, 0, '', 0, 1580597171, 1580588096),
	(122, 18, 1, 122, 10, 0, '', 0, 1580597171, 1580588097),
	(124, 18, 1, 124, 10, 0, '', 0, 1580596827, 1580596827),
	(125, 18, 1, 125, 10, 0, '', 0, 1580597171, 1580596827),
	(126, 18, 1, 126, 10, 0, '', 0, 1580597171, 1580596828),
	(128, 18, 1, 128, 10, 0, '', 0, 1580597173, 1580597173),
	(129, 18, 1, 129, 10, 0, '', 0, 1580597173, 1580597173),
	(130, 18, 1, 130, 10, 0, '', 0, 1580597174, 1580597174),
	(132, 56, 1, 132, 10, 0, '', 0, 1580605092, 1580605092),
	(133, 56, 1, 133, 10, 0, '', 0, 1580605093, 1580605093),
	(134, 56, 1, 134, 10, 0, '', 0, 1580605093, 1580605093);

/*-----------------------------------------------------------------------------------------------*/
INSERT INTO mantis_bugnote_text_table (`id`, `note`) VALUES
	(19, 'Verificar acesso');

/*-----------------------------------------------------------------------------------------------*/
INSERT INTO mantis_bug_history_table (`id`, `user_id`, `bug_id`, `field_name`, `old_value`, `new_value`, `type`, `date_modified`) VALUES
	(58, 1, 13, '', '', '', 1, 1576783454),
	(59, 1, 13, 'priority', '30', '0', 0, 1576783519),
	(60, 1, 13, 'summary', 'teste', 'Desafio Testes APIQV', 0, 1576783519),
	(61, 1, 13, '', '0000005', '', 2, 1576783640),
	(62, 1, 13, '', '0000005', '', 4, 1576783958),
	(64, 1, 15, '', '', '', 1, 1576784076),
	(66, 1, 17, '', '', '', 1, 1576784159),
	(67, 1, 18, '', '', '', 1, 1576784430),
	(70, 1, 18, 'priority', '30', '0', 0, 1576784472),
	(71, 1, 18, 'summary', 'TestesAutomatizadosApi', 'Desafio Testes APINE', 0, 1576784472),
	(72, 1, 18, '', '0000006', '', 2, 1576784474),
	(74, 1, 18, '', '0000006', '', 4, 1576784475),
	(77, 1, 18, '', '1', '', 12, 1576784477),
	(78, 1, 18, 'summary', 'Desafio Testes APINE', 'Desafio Testes APICM', 0, 1576849681),
	(79, 1, 18, '', '0000007', '', 2, 1576849683),
	(81, 1, 18, '', '0000007', '', 4, 1576849684),
	(84, 1, 18, '', '0000008', '', 2, 1576851069),
	(85, 1, 18, '', '0000009', '', 2, 1576851070),
	(86, 1, 18, '', '0000010', '', 2, 1576851070),
	(87, 1, 18, '', '0000011', '', 2, 1576851070),
	(115, 1, 21, '', '', '', 1, 1647386658),
	(116, 1, 21, '', '0000019', '', 2, 1647386688);

/*-----------------------------------------------------------------------------------------------*/
INSERT INTO mantis_bug_monitor_table (`user_id`, `bug_id`) VALUES
	(1, 18),
	(1, 56)

/*-----------------------------------------------------------------------------------------------*/
INSERT INTO mantis_bug_table (`id`, `project_id`, `reporter_id`, `handler_id`, `duplicate_id`, `priority`, `severity`, `reproducibility`, `status`, `resolution`, `projection`, `eta`, `bug_text_id`, `os`, `os_build`, `platform`, `version`, `fixed_in_version`, `build`, `profile_id`, `view_state`, `summary`, `sponsorship_total`, `sticky`, `target_version`, `category_id`, `date_submitted`, `due_date`, `last_updated`) VALUES
	(13, 2, 1, 0, 0, 0, 50, 10, 10, 10, 10, 10, 13, '', '', '', '', '', '', 0, 10, ' Testes ', 0, 0, '', 2, 1576783454, 1, 1576783640),
	(15, 2, 1, 0, 0, 30, 50, 70, 10, 10, 10, 10, 15, '', '', '', '', '', '', 0, 10, 'TestesAutomatizadosApi', 0, 0, '', 2, 1576784076, 1, 1576784076),
	(17, 2, 1, 0, 0, 30, 50, 70, 10, 10, 10, 10, 17, '', '', '', '', '', '', 0, 10, 'TestesAApi', 0, 0, '', 2, 1576784158, 1, 1576784158),
	(18, 2, 1, 0, 0, 0, 50, 70, 10, 10, 10, 10, 18, '', '', '', '', '', '', 0, 10, 'Desafio Testes ', 0, 0, '', 2, 1576784430, 1, 1580597174),
	(21, 9, 1, 0, 0, 30, 50, 70, 10, 10, 10, 10, 21, '', '', '', '', '', '', 0, 10, 'Tela Login', 0, 0, '', 1, 1647386658, 1, 1647386688),
	(52, 2, 1, 0, 0, 30, 50, 70, 10, 10, 10, 10, 52, '', '', '', '', '', '', 0, 10, 'Testes  Desafio 01', 0, 0, '', 2, 1580604969, 1, 1580604969),
	(53, 2, 1, 0, 0, 30, 50, 70, 10, 10, 10, 10, 53, '', '', '', '', '', '', 0, 10, 'Testes  Desafio 02', 0, 0, '', 3, 1580605001, 1, 1580605001),
	(54, 2, 1, 0, 0, 30, 50, 70, 10, 10, 10, 10, 54, '', '', '', '', '', '', 0, 10, 'Testes  Desafio 03', 0, 0, '', 2, 1580605020, 1, 1580605020),
	(55, 2, 1, 0, 0, 30, 50, 70, 10, 10, 10, 10, 55, '', '', '', '', '', '', 0, 10, 'Testes  Desafio 04', 0, 0, '', 2, 1580605037, 1, 1580605037),
	(56, 2, 1, 0, 0, 0, 50, 70, 10, 10, 10, 10, 56, '', '', '', '', '', '', 0, 10, 'Desafio Testes ', 0, 0, '', 3, 1580605067, 1, 1580605097),
	(58, 2, 1, 0, 0, 30, 50, 70, 10, 10, 10, 10, 58, '', '', '', '', '', '', 0, 10, 'Testes Automacao  ', 0, 0, '', 3, 1580605270, 1, 1580605270);
/*!40000 ALTER TABLE `mantis_bug_table` ENABLE KEYS */;

/*-----------------------------------------------------------------------------------------------*/
INSERT INTO mantis_bug_text_table (`id`, `description`, `steps_to_reproduce`, `additional_information`) VALUES
	(13, 'teste', '', ''),
	(15, 'Descricao do Projeto.', '', ''),
	(17, 'Descricao do Projeto.', '', ''),
	(18, 'Descricao do Projeto.', '', ''),
	(21, 'Erro ao editar dados de entrada', '', ''),
	(52, 'Descricao do teste', '', ''),
	(53, 'Descricao', '', '');

/*-----------------------------------------------------------------------------------------------*/
INSERT INTO mantis_category_table (`id`, `project_id`, `user_id`, `name`, `status`) VALUES
	(1, 0, 0, 'General', 0);
/*-----------------------------------------------------------------------------------------------*/
INSERT INTO mantis_config_table (`config_id`, `project_id`, `user_id`, `access_reqd`, `type`, `value`) VALUES
	('database_version', 0, 0, 90, 1, '209');
/*-----------------------------------------------------------------------------------------------*/
INSERT INTO mantis_email_table (`email_id`, `email`, `subject`, `metadata`, `body`, `submitted`) VALUES
	(16, 'jair_melo@hotmail.com', '[MantisBT] Account registration', 'a:3:{s:7:"headers";a:0:{}s:7:"charset";s:5:"utf-8";s:8:"hostname";s:9:"127.0.0.1";}', 'The user administrator has created an account for you with username "Jair_Melo10". In order to complete your registration, visit the following URL (make sure it is entered as the single line) and set your own access password:\n\nhttp://127.0.0.1:8989/verify.php?id=21&confirm_hash=cxXCO3BU512K6nTmX-6-JgllAHGDt6HsRG-5WtEUuQQurtOpGcZ-Nnd0tb4HuwxfIs8sVQgltxm_Eqs60eCA\n\nIf you did not request any registration, ignore this message and nothing will happen.\n\nDo not reply to this message', 1646867329),
	(17, 'jair_melo@hotmail.com', '[MantisBT] Account registration', 'a:3:{s:7:"headers";a:0:{}s:7:"charset";s:5:"utf-8";s:8:"hostname";s:9:"127.0.0.1";}', 'The user administrator has created an account for you with username "Jair_Melo10". In order to complete your registration, visit the following URL (make sure it is entered as the single line) and set your own access password:\n\nhttp://127.0.0.1:8989/verify.php?id=22&confirm_hash=prEHUrZTStjcZFj6cq3r0YSauw-8vDkJfSaRoWhRMiRp1yJXMkakjnMmjwJGWsGh7tykbTDxj6FoY1WLtY8O\n\nIf you did not request any registration, ignore this message and nothing will happen.\n\nDo not reply to this message', 1646874702),
	(18, 'jair_melo@hotmail.com', '[MantisBT] Account registration', 'a:3:{s:7:"headers";a:0:{}s:7:"charset";s:5:"utf-8";s:8:"hostname";s:9:"127.0.0.1";}', 'The user administrator has created an account for you with username "Jair_Melo10". In order to complete your registration, visit the following URL (make sure it is entered as the single line) and set your own access password:\n\nhttp://127.0.0.1:8989/verify.php?id=23&confirm_hash=Jn09eGsopsqGbM3A4w5YdsbWh4mcc-aITqFgfLDOcyM0xGBYJqTMpxn9f49L89ccmAVIWovWQm6xsLibdKUM\n\nIf you did not request any registration, ignore this message and nothing will happen.\n\nDo not reply to this message', 1646958593),
	(19, 'jair_melo@hotmail.com', '[MantisBT] Account registration', 'a:3:{s:7:"headers";a:0:{}s:7:"charset";s:5:"utf-8";s:8:"hostname";s:9:"127.0.0.1";}', 'The user administrator has created an account for you with username "Jair_Melo10". In order to complete your registration, visit the following URL (make sure it is entered as the single line) and set your own access password:\n\nhttp://127.0.0.1:8989/verify.php?id=24&confirm_hash=h_aj64AxQ6ozNXPKm34w9_qTqa7Hgex-I0IrEB-3fWO0lpqdkB1Fh6i6_-FzTxlVtmmWaz0Q0yDkGlGHgrtS\n\nIf you did not request any registration, ignore this message and nothing will happen.\n\nDo not reply to this message', 1647079944),
	(20, 'jair_melo@hotmail.com', '[MantisBT] Account registration', 'a:3:{s:7:"headers";a:0:{}s:7:"charset";s:5:"utf-8";s:8:"hostname";s:9:"127.0.0.1";}', 'The user administrator has created an account for you with username "Jair_Melo10". In order to complete your registration, visit the following URL (make sure it is entered as the single line) and set your own access password:\n\nhttp://127.0.0.1:8989/verify.php?id=25&confirm_hash=SuBHQsH-MBMALxz-uEbX4zSn1d_befYApjDYhevPmJ3tI3oooskdnz_eev9Y17oIeGo7XsFL3JDbCU66WS3K\n\nIf you did not request any registration, ignore this message and nothing will happen.\n\nDo not reply to this message', 1647303655),
	(21, 'jair_melo@hotmail.com', '[MantisBT] Account registration', 'a:3:{s:7:"headers";a:0:{}s:7:"charset";s:5:"utf-8";s:8:"hostname";s:9:"127.0.0.1";}', 'The user administrator has created an account for you with username "Jair_Melo10". In order to complete your registration, visit the following URL (make sure it is entered as the single line) and set your own access password:\n\nhttp://127.0.0.1:8989/verify.php?id=26&confirm_hash=ku5lr2u8nsU56TsnVP01Lll6xtxRp9YyH_tzWjiaOMi_S_jK1aNF4T3KPzkY05yqnYFQh126RsamfxxWMDpV\n\nIf you did not request any registration, ignore this message and nothing will happen.\n\nDo not reply to this message', 1647386370);
/*!40000 ALTER TABLE `mantis_email_table` ENABLE KEYS */;
/*-----------------------------------------------------------------------------------------------*/
INSERT INTO mantis_filters_table (`id`, `user_id`, `project_id`, `is_public`, `name`, `filter_string`) VALUES
	(1, 1, 0, 0, '', 'v9#{"_version":"v9","_view_type":"simple","category_id":["0"],"severity":[0],"status":[0],"highlight_changed":6,"reporter_id":[0],"handler_id":[0],"project_id":[-3],"resolution":[0],"build":["0"],"version":["0"],"hide_status":[90],"monitor_user_id":[0],"sort":"last_updated","dir":"DESC","per_page":50,"match_type":0,"platform":["0"],"os":["0"],"os_build":["0"],"fixed_in_version":["0"],"target_version":["0"],"profile_id":[0],"priority":[0],"note_user_id":[0],"sticky":true,"filter_by_date":false,"start_month":"11","end_month":"11","start_day":1,"end_day":"05","start_year":"2021","end_year":"2021","filter_by_last_updated_date":false,"last_updated_start_month":"11","last_updated_end_month":"11","last_updated_start_day":1,"last_updated_end_day":"05","last_updated_start_year":"2021","last_updated_end_year":"2021","search":"","view_state":0,"tag_string":"","tag_select":0,"relationship_type":-1,"relationship_bug":0,"custom_fields":[],"_source_query_id":1}'),
	(2, 1, -1, 0, '', 'v9#{"_version":"v9","_view_type":"simple","category_id":["0"],"severity":[0],"status":[0],"highlight_changed":6,"reporter_id":[0],"handler_id":[0],"project_id":[-3],"resolution":[0],"build":["0"],"version":["0"],"hide_status":[90],"monitor_user_id":[0],"sort":"last_updated","dir":"DESC","per_page":50,"match_type":0,"platform":["0"],"os":["0"],"os_build":["0"],"fixed_in_version":["0"],"target_version":["0"],"profile_id":[0],"priority":[0],"note_user_id":[0],"sticky":true,"filter_by_date":false,"start_month":"11","end_month":"11","start_day":1,"end_day":"05","start_year":"2021","end_year":"2021","filter_by_last_updated_date":false,"last_updated_start_month":"11","last_updated_end_month":"11","last_updated_start_day":1,"last_updated_end_day":"05","last_updated_start_year":"2021","last_updated_end_year":"2021","search":"","view_state":0,"tag_string":"","tag_select":0,"relationship_type":-1,"relationship_bug":0,"custom_fields":[],"_source_query_id":2}'),
	(3, 1, -6, 0, '', 'v9#{"_version":"v9","_view_type":"simple","category_id":["0"],"severity":[0],"status":[0],"highlight_changed":6,"reporter_id":[0],"handler_id":[0],"project_id":[-3],"resolution":[0],"build":["0"],"version":["0"],"hide_status":[90],"monitor_user_id":[0],"sort":"last_updated","dir":"DESC","per_page":50,"match_type":0,"platform":["0"],"os":["0"],"os_build":["0"],"fixed_in_version":["0"],"target_version":["0"],"profile_id":[0],"priority":[0],"note_user_id":[0],"sticky":true,"filter_by_date":false,"start_month":"03","end_month":"03","start_day":1,"end_day":"11","start_year":"2022","end_year":"2022","filter_by_last_updated_date":false,"last_updated_start_month":"03","last_updated_end_month":"03","last_updated_start_day":1,"last_updated_end_day":"11","last_updated_start_year":"2022","last_updated_end_year":"2022","search":"","view_state":0,"tag_string":"","tag_select":0,"relationship_type":-1,"relationship_bug":0,"custom_fields":[]}'),
	(4, 1, -7, 0, '', 'v9#{"_version":"v9","_view_type":"simple","category_id":["0"],"severity":[0],"status":[0],"highlight_changed":6,"reporter_id":[0],"handler_id":[0],"project_id":[-3],"resolution":[0],"build":["0"],"version":["0"],"hide_status":[90],"monitor_user_id":[0],"sort":"last_updated","dir":"DESC","per_page":50,"match_type":0,"platform":["0"],"os":["0"],"os_build":["0"],"fixed_in_version":["0"],"target_version":["0"],"profile_id":[0],"priority":[0],"note_user_id":[0],"sticky":true,"filter_by_date":false,"start_month":"03","end_month":"03","start_day":1,"end_day":"11","start_year":"2022","end_year":"2022","filter_by_last_updated_date":false,"last_updated_start_month":"03","last_updated_end_month":"03","last_updated_start_day":1,"last_updated_end_day":"11","last_updated_start_year":"2022","last_updated_end_year":"2022","search":"","view_state":0,"tag_string":"","tag_select":0,"relationship_type":-1,"relationship_bug":0,"custom_fields":[],"_source_query_id":4}');
/*!40000 ALTER TABLE `mantis_filters_table` ENABLE KEYS */;
/*-----------------------------------------------------------------------------------------------*/
INSERT INTO mantis_plugin_table (`basename`, `enabled`, `protected`, `priority`) VALUES
	('MantisCoreFormatting', 1, 0, 3);
/*-----------------------------------------------------------------------------------------------*/
INSERT INTO mantis_project_table (`id`, `name`, `status`, `enabled`, `view_state`, `access_min`, `file_path`, `description`, `category_id`, `inherit_global`) VALUES
	(9, '1Santander', 10, 1, 10, 10, '/tmp/', 'Open Baking', 1, 1);
/*!40000 ALTER TABLE `mantis_project_table` ENABLE KEYS */;
/*-----------------------------------------------------------------------------------------------*/
INSERT INTO mantis_project_version_table (`id`, `project_id`, `version`, `description`, `released`, `obsolete`, `date_order`) VALUES
	(9, 9, 'v.3', 'Major new version', 1, 0, 1582128000);
/*!40000 ALTER TABLE `mantis_project_version_table` ENABLE KEYS */;
/*-----------------------------------------------------------------------------------------------*/
INSERT INTO mantis_tag_table (`id`, `user_id`, `name`, `description`, `date_created`, `date_updated`) VALUES
	(1, 1, 'mantishub', '', 1636412888, 1636412888);
/*!40000 ALTER TABLE `mantis_tag_table` ENABLE KEYS */;
/*-----------------------------------------------------------------------------------------------*/
INSERT INTO mantis_tokens_table (`id`, `owner`, `type`, `value`, `timestamp`, `expiry`) VALUES
	(3, 1, 5, '{"filter":false,"sidebar":true,"assigned":true,"unassigned":true,"timeline":false,"history":true}', 1636078208, 1678402921),
	(87, 22, 7, 'prEHUrZTStjcZFj6cq3r0YSauw-8vDkJfSaRoWhRMiRp1yJXMkakjnMmjwJGWsGh7tykbTDxj6FoY1WLtY8O', 1646874702, 1647479502),
	(91, 23, 7, 'Jn09eGsopsqGbM3A4w5YdsbWh4mcc-aITqFgfLDOcyM0xGBYJqTMpxn9f49L89ccmAVIWovWQm6xsLibdKUM', 1646958593, 1647563393),
	(93, 24, 7, 'h_aj64AxQ6ozNXPKm34w9_qTqa7Hgex-I0IrEB-3fWO0lpqdkB1Fh6i6_-FzTxlVtmmWaz0Q0yDkGlGHgrtS', 1647079944, 1647684744),
	(99, 25, 7, 'SuBHQsH-MBMALxz-uEbX4zSn1d_befYApjDYhevPmJ3tI3oooskdnz_eev9Y17oIeGo7XsFL3JDbCU66WS3K', 1647303655, 1647908455),
	(103, 26, 7, 'ku5lr2u8nsU56TsnVP01Lll6xtxRp9YyH_tzWjiaOMi_S_jK1aNF4T3KPzkY05yqnYFQh126RsamfxxWMDpV', 1647386370, 1647991170),
	(104, 1, 4, '1', 1647474114, 1647474414);
/*!40000 ALTER TABLE `mantis_tokens_table` ENABLE KEYS */;
/*-----------------------------------------------------------------------------------------------*/
INSERT INTO mantis_user_table (`id`, `username`, `realname`, `email`, `password`, `enabled`, `protected`, `access_level`, `login_count`, `lost_password_request_count`, `failed_login_count`, `cookie_string`, `last_visit`, `date_created`) VALUES
	(1, 'administrator', '', 'root@localhost', '200ceb26807d6bf99fd6f4f0d1ca54d4', 1, 0, 90, 73, 0, 0, 'Ev3Q8qu7T9lY6XJMSV6ohEbwqH7P5vAlObVnxDTVTP7FCoJDNxXfxIXFTTH929Ss', 1647474114, 1636076749),
	(26, 'Jair_Melo10', 'jair test10', 'jair_melo@hotmail.com', '2c771ab500e81d07ce1b597361e698d1', 1, 0, 40, 0, 0, 0, 'T03ztSxbN66Ws3Ekaa2TGvVzCzv0jhZJlHEUUV9qcXm87cYRAj-P5ZqkWUZFFrdu', 1647386370, 1647386370),
	(42, 'RURBWZFHT', 'RubensRURBWZFHT', 'rubens@teste67.com', 'bb787dbfbd1159969d90ec44d2e6c7a3', 1, 0, 40, 0, 0, 0, 'yVSU06eDxaGVgOxSpqckdjfx9EJdEbwLVmdpirW3cRqrKVzAKnrrZMueW2Dl3MHj', 1580596008, 1580596008),
	(43, 'Carlos teste YPGS', 'CarlosUZTXA', 'carlos@teste79.com', 'c13f5200475b5a0a77002a66f628b0ef', 1, 0, 40, 0, 0, 0, '_mLYb4nOgYjL9fuSbtDEpi98eV9bbCBW_8A4JVLaSCatcz_6GZjrBLrWftO1OaFP', 1580596712, 1580596712),
	(44, 'Fabio teste NUTC', 'fabioNUTCG', 'fabio@teste57.com', '57a3cebbaa86d4df7f63bc9922a3ace6', 1, 0, 40, 0, 0, 0, 'XEcCltUqUEdr4EdYY1LvAAUBApGo-dwZNI06DHYT5CJ1LGhCKQbOVBYzoTKNtXcy', 1580596782, 1580596782),
	(46, 'Leandro teste SFUH', 'leandroCXZSZ', 'leandro@teste09.com', '9e7ec8dbaa349b9382a55abdeefcf894', 1, 0, 40, 0, 0, 0, '_bwM5W9KfvS1rnWuGLsN5eFmxnIy-yCnRKDHhj_CWQhh81BQSVmSzNO1iwTcFZXp', 1580596874, 1580596874);
/*!40000 ALTER TABLE `mantis_user_table` ENABLE KEYS */;